Name,Price
Máy Tính Casio FX580VN X,657000
Viết Xóa CP-02,25175
Vỉ 12 Bút Lông Màu Kid Art VM0112-DI-2019,30600
Bút Bi Cao Cấp Parker Jotter XL X-MN Black BT TB6-2122657,848350
Gôm Tombow Mono PE-07A,50350
Màu Nước Pentel Poster Color WPU-T63 - Sap Green,43240
Kéo Văn Phòng OT-SC0004 - Màu Xanh,17200
Vỉ 2 Bút Gel Thiên Long Doraemon GEL-012/DO - Mực Đen,14415
Mực Bút Máy Quink Cao Cấp PARKER Mực Đen - 1950375,205200
Bìa Nút - Thiết Kế Paris DoubleA EV03313-EN - Xanh Dương,22950
Bút Dạ Quang Stabilo Boss - Pastel Lime,32300
Bút Bi Slider Edge M Schneider 152104 - Xanh Lá,23400
Giấy Thủ Công 12 Màu Khổ Lớn Colokit GTC-C003 (12 Tờ/Xấp),7280
Sổ Giáo Án Hồng Hà 120 Trang A4 1600 - Màu Xanh Lá,20250
Tập Notebook A4 - 4 Ô Ly 120 Trang - Hồng Hà - Hình Kiwi - 4594,21850
"Bút Chì Gỗ STABILO PC282-3B-Othello Graphic Pencil, 3B",21850
"Bút Chì Gỗ Neon Có Gôm, Màu Xanh Lá Stabilo PC4920P-2B",18050
Máy Tính Vinacal 570 ES Plus II Xanh Lá,516000
Bút chì bấm Faber-Castell Grip Matic Assorted BU 133851 0.5mm,30400
Bút Chì Khúc HB Thiên Long PC-09 - Thân Màu Vàng,4275
Ba Lô Laptop Mr. Vui - Màu Xanh - BLLT809-15,562500
Cặp Vi Tính Hami 4101 - Màu Đen,323100
Gôm Thiên Long E-016 - Mẫu 2 - Tím Xanh,3705
Kéo Cắt Giấy 7'' 178mm - Stacom-F109 - Mẫu 2 - Xanh Dương,29434
Vỉ Bút Xoá Mới Stacom (Tặng 1 Viên Er101)-VCP103 - Màu Xanh,8280
Combo 24: 2 Bút Dạ Quang Xóa Được Frixion Colors Màu Xanh Dương + 1 Bút Dạ Quang 2 Màu Vàng - Xanh Lá,59850
Bảng Học Sinh B-018 (BD),1900
Bảng Học Sinh B-019,13300
Bảng Bộ Thiên Long TP-B020 - Xanh Lá,50350
Tập Học Sinh Kẻ Thường 96 Trang ĐL 60g/m2 - GiấyTrắng Không Hại Mắt - FAHASA - Icon - Mẫu 5 - Xanh Lá,6000
Bộ 6 Màu Vẽ Ceramic Mont Marte PMHS0023,150000
Bộ 5 Cọ Vẽ Mont Marte BMHS0027,95000
Hoá Học 12 - Nâng Cao (2020),24000
Tiếng Anh 12 - Tập 1 - Sách Bài Tập (2021),33000
Vở Haplus Fruit 4 Ô Ly 200 Trang,20500
Bấm Kim Số 10 Officetex OT-SL10004,19600
Ruột Chì HQ 502,10500
Viết Dạ Quang Vĩ 6 Cây BC - 712,32400
Cắm Viết Nhựa DG-6910 - Màu Xanh Lá,34000
Vỉ Kim Kẹp 33mm KA-1040,11700
Viết Zero No 13 (Đỏ),9900
Viết Hình Đầu Thú - Gấu Vàng - Thân Bút Xanh,12600
Tập Học Sinh 100 Trang Tuổi Thơ Mẫu 4,9000
Vở Học Sinh 200 Trang Campus Doraemon,24700
Vở Học Sinh 120 Trang Campus Conan,25000
Compass Học Sinh Graphic 360 Xanh Dương,24910
Compa Helix Universal Locking Xanh Lá,78000
Thước Gập Helix Oxford Camo Màu Xanh Lá,40500
Phấn Vặn Đa Năng Mungyo Màu Xanh Lá,15000
Chuốt Bút Chì Master Art Xanh Lá,22800
